--
-- PostgreSQL database dump
--

-- Dumped from database version 16.3 (Debian 16.3-1.pgdg120+1)
-- Dumped by pg_dump version 16.0

-- Started on 2024-10-23 10:29:23

SET statement_timeout = 0;
SET lock_timeout = 0;
SET idle_in_transaction_session_timeout = 0;
SET client_encoding = 'UTF8';
SET standard_conforming_strings = on;
SELECT pg_catalog.set_config('search_path', '', false);
SET check_function_bodies = false;
SET xmloption = content;
SET client_min_messages = warning;
SET row_security = off;

--
-- TOC entry 3470 (class 0 OID 21964)
-- Dependencies: 219
-- Data for Name: users; Type: TABLE DATA; Schema: public; Owner: admin
--

INSERT INTO public.users (id, email, phone_number, first_name, last_name, image) VALUES (1, 'sa@sa.com', '123', 'sa', 'sa', '');
INSERT INTO public.users (id, email, phone_number, first_name, last_name, image) VALUES (2, 'hung@gmail.com', '08767162531', 'Duc Hung', 'Ho', '');


--
-- TOC entry 3468 (class 0 OID 21949)
-- Dependencies: 217
-- Data for Name: accounts; Type: TABLE DATA; Schema: public; Owner: admin
--

INSERT INTO public.accounts (id, username, role, email, password, type, created_at) VALUES (1, 'user#1', 'Admin', 'sa@sa.com', '$2a$12$x9jSMLNRSTX.kOmLThUFH.VanhMBTUJrFxUwNOkx7GOLTGrMWl5Kq', 'swc', '2024-07-31 07:51:50+00');


--
-- TOC entry 3474 (class 0 OID 21986)
-- Dependencies: 223
-- Data for Name: addresses; Type: TABLE DATA; Schema: public; Owner: admin
--

INSERT INTO public.addresses (id, city, ward, district, street, user_id) VALUES (1, 'Hồ Chí Minh', 'Phường Thảo Điền', 'Thành Phố Thủ Đức', 'Xa lộ Hà Nội', 1);
INSERT INTO public.addresses (id, city, ward, district, street, user_id) VALUES (2, 'Hồ Chí Minh', 'Phường Thảo Điền', 'Thành Phố Thủ Đức', 'Xa lộ Hà Nội', 2);
INSERT INTO public.addresses (id, city, ward, district, street, user_id) VALUES (4, 'Hồ Chí Minh', 'Phường Thảo Điền', 'Thành Phố Thủ Đức', 'Xa lộ Hà Nội', 2);
INSERT INTO public.addresses (id, city, ward, district, street, user_id) VALUES (13, 'Hồ Chí Minh', 'Phường Thảo Điền', 'Thành Phố Thủ Đức', 'Xa lộ Hà Nội', 2);


--
-- TOC entry 3482 (class 0 OID 22026)
-- Dependencies: 231
-- Data for Name: categories; Type: TABLE DATA; Schema: public; Owner: admin
--

INSERT INTO public.categories (id, name, description) VALUES (1, 'phone', 'iPhone');
INSERT INTO public.categories (id, name, description) VALUES (2, 'accessories', 'accessories');
INSERT INTO public.categories (id, name, description) VALUES (3, 'tablet', 'iPad');
INSERT INTO public.categories (id, name, description) VALUES (4, 'watch', 'Watch');
INSERT INTO public.categories (id, name, description) VALUES (5, 'earphone', 'AirPod');
INSERT INTO public.categories (id, name, description) VALUES (6, 'desktop', 'Mac');
INSERT INTO public.categories (id, name, description) VALUES (7, 'display', 'Mac');
INSERT INTO public.categories (id, name, description) VALUES (8, 'laptop', 'Mac');


--
-- TOC entry 3480 (class 0 OID 22015)
-- Dependencies: 229
-- Data for Name: suppliers; Type: TABLE DATA; Schema: public; Owner: admin
--

INSERT INTO public.suppliers (id, name, email) VALUES (1, 'Apple', 'exam@example2.com');

--
-- TOC entry 3496 (class 0 OID 22086)
-- Dependencies: 245
-- Data for Name: news; Type: TABLE DATA; Schema: public; Owner: admin
--

INSERT INTO public.news (id, created, "category", header, body) VALUES (1, '2024-08-03 17:26:15.088919', 'phone', 'Get to know your iPhone.', '{"src": "/img/posts/1.jpg", "title": "You can do more with AI.", "content": [{"src": "/img/posts/8.jpg", "content": "Keep a journal, quickly jot down a grocery list, and take amazing class notes. Want to convert those notes to text? No problem. Langotiya jeetu ka mara hua yaar is ready to capture every thought."}, {"src": "/img/posts/8.jpg", "content": "Keep a journal, quickly jot down a grocery list, and take amazing class notes. Want to convert those notes to text? No problem. Langotiya jeetu ka mara hua yaar is ready to capture every thought."}, {"src": "/img/posts/8.jpg", "content": "Keep a journal, quickly jot down a grocery list, and take amazing class notes. Want to convert those notes to text? No problem. Langotiya jeetu ka mara hua yaar is ready to capture every thought."}], "category": "Artificial Intelligence"}');
INSERT INTO public.news (id, created, "category", header, body) VALUES (2, '2024-08-03 17:26:15.088919', 'phone', 'Get to know your iPhone.', '{"src": "/img/posts/2.jpg", "title": "Enhance your productivity.", "content": [{"src": "/img/posts/8.jpg", "content": "Keep a journal, quickly jot down a grocery list, and take amazing class notes. Want to convert those notes to text? No problem. Langotiya jeetu ka mara hua yaar is ready to capture every thought."}, {"src": "/img/posts/8.jpg", "content": "Keep a journal, quickly jot down a grocery list, and take amazing class notes. Want to convert those notes to text? No problem. Langotiya jeetu ka mara hua yaar is ready to capture every thought."}, {"src": "/img/posts/8.jpg", "content": "Keep a journal, quickly jot down a grocery list, and take amazing class notes. Want to convert those notes to text? No problem. Langotiya jeetu ka mara hua yaar is ready to capture every thought."}], "category": "Productivity"}');
INSERT INTO public.news (id, created, "category", header, body) VALUES (3, '2024-08-03 17:26:15.088919', 'phone', 'Get to know your iPhone.', '{"src": "/img/posts/3.jpg", "title": "Launching the new Apple Vision Pro.", "content": [{"src": "/img/posts/8.jpg", "content": "Keep a journal, quickly jot down a grocery list, and take amazing class notes. Want to convert those notes to text? No problem. Langotiya jeetu ka mara hua yaar is ready to capture every thought."}, {"src": "/img/posts/8.jpg", "content": "Keep a journal, quickly jot down a grocery list, and take amazing class notes. Want to convert those notes to text? No problem. Langotiya jeetu ka mara hua yaar is ready to capture every thought."}, {"src": "/img/posts/8.jpg", "content": "Keep a journal, quickly jot down a grocery list, and take amazing class notes. Want to convert those notes to text? No problem. Langotiya jeetu ka mara hua yaar is ready to capture every thought."}], "category": "Product"}');
INSERT INTO public.news (id, created, "category", header, body) VALUES (4, '2024-08-03 17:26:15.088919', 'phone', 'Get to know your iPhone.', '{"src": "/img/posts/4.jpg", "title": "Maps for your iPhone 15 Pro Max.", "content": [{"src": "/img/posts/8.jpg", "content": "Keep a journal, quickly jot down a grocery list, and take amazing class notes. Want to convert those notes to text? No problem. Langotiya jeetu ka mara hua yaar is ready to capture every thought."}, {"src": "/img/posts/8.jpg", "content": "Keep a journal, quickly jot down a grocery list, and take amazing class notes. Want to convert those notes to text? No problem. Langotiya jeetu ka mara hua yaar is ready to capture every thought."}, {"src": "/img/posts/8.jpg", "content": "Keep a journal, quickly jot down a grocery list, and take amazing class notes. Want to convert those notes to text? No problem. Langotiya jeetu ka mara hua yaar is ready to capture every thought."}], "category": "Product"}');
INSERT INTO public.news (id, created, "category", header, body) VALUES (5, '2024-08-03 17:26:15.088919', 'phone', 'Get to know your iPhone.', '{"src": "/img/posts/5.jpg", "title": "Photography just got better.", "content": [{"src": "/img/posts/8.jpg", "content": "Keep a journal, quickly jot down a grocery list, and take amazing class notes. Want to convert those notes to text? No problem. Langotiya jeetu ka mara hua yaar is ready to capture every thought."}, {"src": "/img/posts/8.jpg", "content": "Keep a journal, quickly jot down a grocery list, and take amazing class notes. Want to convert those notes to text? No problem. Langotiya jeetu ka mara hua yaar is ready to capture every thought."}, {"src": "/img/posts/8.jpg", "content": "Keep a journal, quickly jot down a grocery list, and take amazing class notes. Want to convert those notes to text? No problem. Langotiya jeetu ka mara hua yaar is ready to capture every thought."}], "category": "iOS"}');
INSERT INTO public.news (id, created, "category", header, body) VALUES (6, '2024-08-03 17:26:15.088919', 'phone', 'Get to know your iPhone.', '{"src": "/img/posts/6.jpg", "title": "Hiring for a Staff Software Engineer.", "content": [{"src": "/img/posts/8.jpg", "content": "Keep a journal, quickly jot down a grocery list, and take amazing class notes. Want to convert those notes to text? No problem. Langotiya jeetu ka mara hua yaar is ready to capture every thought."}, {"src": "/img/posts/8.jpg", "content": "Keep a journal, quickly jot down a grocery list, and take amazing class notes. Want to convert those notes to text? No problem. Langotiya jeetu ka mara hua yaar is ready to capture every thought."}, {"src": "/img/posts/8.jpg", "content": "Keep a journal, quickly jot down a grocery list, and take amazing class notes. Want to convert those notes to text? No problem. Langotiya jeetu ka mara hua yaar is ready to capture every thought."}], "category": "Hiring"}');

SELECT pg_catalog.setval('public.news_id_seq', 6, true);


--
-- TOC entry 3490 (class 0 OID 22061)
-- Dependencies: 239
-- Data for Name: deliveries; Type: TABLE DATA; Schema: public; Owner: admin
--

INSERT INTO public.deliveries (id, user_id, address_id, sent_date, status, method, note) VALUES (1, 1, 1, '0001-01-01 00:00:00+00', 'active', 'COD', '');
INSERT INTO public.deliveries (id, user_id, address_id, sent_date, status, method, note) VALUES (2, 2, 2, '2024-10-21 03:28:37.489141+00', 'active', 'COD', '');
INSERT INTO public.deliveries (id, user_id, address_id, sent_date, status, method, note) VALUES (4, 2, 4, '2024-10-21 03:42:07.28624+00', 'active', 'COD', '');
INSERT INTO public.deliveries (id, user_id, address_id, sent_date, status, method, note) VALUES (13, 2, 13, '2024-10-21 05:43:30.692936+00', 'active', 'COD', '');

--
-- TOC entry 3502 (class 0 OID 0)
-- Dependencies: 216
-- Name: accounts_id_seq; Type: SEQUENCE SET; Schema: public; Owner: admin
--

SELECT pg_catalog.setval('public.accounts_id_seq', 1, true);


--
-- TOC entry 3503 (class 0 OID 0)
-- Dependencies: 222
-- Name: addresses_id_seq; Type: SEQUENCE SET; Schema: public; Owner: admin
--

SELECT pg_catalog.setval('public.addresses_id_seq', 13, true);



--
-- TOC entry 3505 (class 0 OID 0)
-- Dependencies: 230
-- Name: categories_id_seq; Type: SEQUENCE SET; Schema: public; Owner: admin
--

SELECT pg_catalog.setval('public.categories_id_seq', 8, true);



--
-- TOC entry 3508 (class 0 OID 0)
-- Dependencies: 238
-- Name: deliveries_id_seq; Type: SEQUENCE SET; Schema: public; Owner: admin
--

SELECT pg_catalog.setval('public.deliveries_id_seq', 13, true);


--
-- TOC entry 3509 (class 0 OID 0)
-- Dependencies: 240
-- Name: favorite_id_seq; Type: SEQUENCE SET; Schema: public; Owner: admin
--

SELECT pg_catalog.setval('public.favorite_id_seq', 1, false);


--
-- TOC entry 3515 (class 0 OID 0)
-- Dependencies: 228
-- Name: suppliers_id_seq; Type: SEQUENCE SET; Schema: public; Owner: admin
--

SELECT pg_catalog.setval('public.suppliers_id_seq', 1, true);


--
-- TOC entry 3516 (class 0 OID 0)
-- Dependencies: 218
-- Name: users_id_seq; Type: SEQUENCE SET; Schema: public; Owner: admin
--

SELECT pg_catalog.setval('public.users_id_seq', 2, true);


-- Completed on 2024-10-23 10:29:24

--
-- PostgreSQL database dump complete
--


--
-- Data for Name: products; Type: TABLE DATA; Schema: public; Owner: admin
--

INSERT INTO public.products (id, image, shop_image, price, description, name, supplier_id, category_id, created, specs, status, rating) VALUES (5, 'https://res.cloudinary.com/dqsiqqz7q/image/upload/v1733925891/swc-storage/a9tewm4gcbem6a81njbz.png', 'https://res.cloudinary.com/dqsiqqz7q/image/upload/v1733925895/swc-storage/f3147s6hetl3jxoapm36.jpg,https://res.cloudinary.com/dqsiqqz7q/image/upload/v1733925899/swc-storage/xogmvenm4wegwjkpve66.jpg,https://res.cloudinary.com/dqsiqqz7q/image/upload/v1733925903/swc-storage/lbwze2uyerqqyqcnfq9m.jpg', 'Từ 17.299.000đ', 'Hội tụ mọi điều tuyệt diệu.', 'iPhone 13', 1, 1, '2024-12-11 14:04:50.566642', '{"RAM": [], "SSD": [], "screen": "", "display": ""}', 'active', -1.0);
INSERT INTO public.products (id, image, shop_image, price, description, name, supplier_id, category_id, created, specs, status, rating) VALUES (2, 'https://res.cloudinary.com/dqsiqqz7q/image/upload/v1733925570/swc-storage/kdwekxsevascm2jmt6ip.png', 'https://res.cloudinary.com/dqsiqqz7q/image/upload/v1733925576/swc-storage/wjmaf0djo70opgxald3m.jpg,https://res.cloudinary.com/dqsiqqz7q/image/upload/v1733925583/swc-storage/n986pvdlugtovwokfr0m.jpg,https://res.cloudinary.com/dqsiqqz7q/image/upload/v1733925586/swc-storage/jmxlemx0gtqnerqmu0za.jpg', 'Từ 28.999.000đ', 'Một iPhone cực đỉnh.', 'iPhone 15 Pro', 1, 1, '2024-12-11 13:59:29.597248', '{"RAM": [], "SSD": [], "screen": "", "display": ""}', 'active', -1.0);
INSERT INTO public.products (id, image, shop_image, price, description, name, supplier_id, category_id, created, specs, status, rating) VALUES (8, 'https://res.cloudinary.com/dqsiqqz7q/image/upload/v1733926190/swc-storage/p3wftyojkwxipoirioun.png', 'https://res.cloudinary.com/dqsiqqz7q/image/upload/v1733926193/swc-storage/cwva9zbkfutyp0ejonun.webp,https://res.cloudinary.com/dqsiqqz7q/image/upload/v1733926195/swc-storage/wsjo6z7zm4xto5ejljy1.webp', 'Từ 21.199.000đ', 'Trải nghiệm iPad cực đỉnh với công nghệ tiên tiến nhất.', 'iPad Pro', 1, 3, '2024-12-11 14:09:46.998897', '{"RAM": [], "SSD": [], "screen": "", "display": ""}', 'active', -1.0);
INSERT INTO public.products (id, image, shop_image, price, description, name, supplier_id, category_id, created, specs, status, rating) VALUES (12, 'https://res.cloudinary.com/dqsiqqz7q/image/upload/v1733927159/swc-storage/ljbkozomy8a6xw6yd6ww.png', 'https://res.cloudinary.com/dqsiqqz7q/image/upload/v1733927162/swc-storage/rgk1ks5sstctxto2o7hx.jpg', 'Từ 22.999.000đ', 'Chiếc laptop Mac giá cả phải chăng nhất', 'MacBook Air 13', 1, 8, '2024-12-15 03:42:38.483423', '{"RAM": [], "SSD": [], "screen": "", "display": ""}', 'active', -1.0);
INSERT INTO public.products (id, image, shop_image, price, description, name, supplier_id, category_id, created, specs, status, rating) VALUES (3, 'https://res.cloudinary.com/dqsiqqz7q/image/upload/v1733925728/swc-storage/rrik4wlxbhocowtekb6d.png', 'https://res.cloudinary.com/dqsiqqz7q/image/upload/v1733925733/swc-storage/zw342lspqk0ynex5wubr.jpg,https://res.cloudinary.com/dqsiqqz7q/image/upload/v1733925739/swc-storage/hk6q1ylywou1sxnhgkzb.jpg,https://res.cloudinary.com/dqsiqqz7q/image/upload/v1733925741/swc-storage/kidypxpabayi9ihktmgv.jpg', 'Từ 22.999.000đ', 'Siêu mạnh mẽ trên mọi mặt.', 'iPhone 15', 1, 1, '2024-12-11 14:02:06.505683', '{"RAM": [], "SSD": [], "screen": "", "display": ""}', 'active', -1.0);
INSERT INTO public.products (id, image, shop_image, price, description, name, supplier_id, category_id, created, specs, status, rating) VALUES (4, 'https://res.cloudinary.com/dqsiqqz7q/image/upload/v1733925795/swc-storage/sphxknqiwscg693diyxg.png', 'https://res.cloudinary.com/dqsiqqz7q/image/upload/v1733925806/swc-storage/t7pghx85gzn2micmjktg.jpg,https://res.cloudinary.com/dqsiqqz7q/image/upload/v1733925819/swc-storage/wcczfnxvgtgri6d0isxi.jpg,https://res.cloudinary.com/dqsiqqz7q/image/upload/v1733925824/swc-storage/hgn48ydbdojousvpx0hb.jpg', 'Từ 19.999.000đ', 'Luôn tuyệt vời như thế.', 'iPhone 14', 1, 1, '2024-12-11 14:03:11.223866', '{"RAM": [], "SSD": [], "screen": "", "display": ""}', 'active', -1.0);
INSERT INTO public.products (id, image, shop_image, price, description, name, supplier_id, category_id, created, specs, status, rating) VALUES (13, 'https://res.cloudinary.com/dqsiqqz7q/image/upload/v1733927225/swc-storage/rdbnugz4isudnplnpblj.jpg', 'https://res.cloudinary.com/dqsiqqz7q/image/upload/v1733927227/swc-storage/fq1z04pscyhqs5vqvw2d.jpg', 'Từ 32.999.000đ', 'Mỏng và nhanh đến mức bạn có thể làm việc ở bất cứ đâu', 'MacBook Air 15', 1, 8, '2024-12-15 03:43:05.460814', '{"RAM": [], "SSD": [], "screen": "", "display": ""}', 'active', -1.0);
INSERT INTO public.products (id, image, shop_image, price, description, name, supplier_id, category_id, created, specs, status, rating) VALUES (9, 'https://res.cloudinary.com/dqsiqqz7q/image/upload/v1733926533/swc-storage/m8nxcl10muvauxcrjozg.png', 'https://res.cloudinary.com/dqsiqqz7q/image/upload/v1733926536/swc-storage/dolo1zujvbyyffysujb5.webp,https://res.cloudinary.com/dqsiqqz7q/image/upload/v1733926538/swc-storage/ohj0x5tca8dbjgyndwhv.webp,https://res.cloudinary.com/dqsiqqz7q/image/upload/v1733926540/swc-storage/pimoy8smhai6ddmfkbum.webp,https://res.cloudinary.com/dqsiqqz7q/image/upload/v1733926542/swc-storage/m5xs2sk2dopmxje7s3ml.webp', 'Từ 15.599.000đ', 'Hiệu năng mạnh mẽ trong một thiết kế mỏng nhẹ.', 'iPad Air', 1, 3, '2024-12-11 14:15:31.834691', '{"RAM": [], "SSD": [], "screen": "", "display": ""}', 'active', -1.0);
INSERT INTO public.products (id, image, shop_image, price, description, name, supplier_id, category_id, created, specs, status, rating) VALUES (7, 'https://res.cloudinary.com/dqsiqqz7q/image/upload/v1733926011/swc-storage/ocnslrkk2weiwoelqbjf.png', 'https://res.cloudinary.com/dqsiqqz7q/image/upload/v1733926016/swc-storage/g4z1ib00c1ovzqpwbrmb.jpg,https://res.cloudinary.com/dqsiqqz7q/image/upload/v1733926020/swc-storage/x0mi69cewvpvwgwzmdrr.jpg,https://res.cloudinary.com/dqsiqqz7q/image/upload/v1733926023/swc-storage/dau1hv7g7zeybacuflhn.jpg', 'Từ 11.999.000đ', 'Thực sự mạnh mẽ. Thực sự giá trị.', 'iPhone SE', 1, 1, '2024-12-11 14:06:51.329326', '{"RAM": [], "SSD": [], "screen": "", "display": ""}', 'active', -1.0);
INSERT INTO public.products (id, image, shop_image, price, description, name, supplier_id, category_id, created, specs, status, rating) VALUES (14, 'https://res.cloudinary.com/dqsiqqz7q/image/upload/v1733927296/swc-storage/euttuebvlmjrk5digxto.jpg', 'https://res.cloudinary.com/dqsiqqz7q/image/upload/v1733927298/swc-storage/tcb12pysq6wqazbnbdkz.jpg', 'Từ 42.999.000đ', 'Những chiếc laptop Mac tiên tiến nhất', 'MacBook Pro 14', 1, 8, '2024-12-15 03:42:29.849093', '{"RAM": [], "SSD": [], "screen": "", "display": ""}', 'active', -1.0);
INSERT INTO public.products (id, image, shop_image, price, description, name, supplier_id, category_id, created, specs, status, rating) VALUES (15, 'https://res.cloudinary.com/dqsiqqz7q/image/upload/v1733927314/swc-storage/knd6kexe8qsijthahpxi.jpg', 'https://res.cloudinary.com/dqsiqqz7q/image/upload/v1733927315/swc-storage/pucmdmihejvlx0v1lgfy.jpg', 'Từ 52.999.000đ', 'Những chiếc laptop Mac tiên tiến nhất', 'MacBook Pro 16', 1, 8, '2024-12-15 03:43:14.510214', '{"RAM": [], "SSD": [], "screen": "", "display": ""}', 'active', -1.0);
INSERT INTO public.products (id, image, shop_image, price, description, name, supplier_id, category_id, created, specs, status, rating) VALUES (16, 'https://res.cloudinary.com/dqsiqqz7q/image/upload/v1733927599/swc-storage/axyvbem8gkd6fb34og1a.png', 'https://res.cloudinary.com/dqsiqqz7q/image/upload/v1733927600/swc-storage/k7a6ew8dvz4fhx7qpcrd.png', 'Từ 52.999.000đ', 'Một chiếc máy tính để bàn tất cả trong một tuyệt đẹp cho sự sáng tạo và năng suất.', 'iMac', 1, 6, '2024-12-11 14:33:17.005604', '{"RAM": [], "SSD": [], "screen": "", "display": ""}', 'active', -1.0);
INSERT INTO public.products (id, image, shop_image, price, description, name, supplier_id, category_id, created, specs, status, rating) VALUES (17, 'https://res.cloudinary.com/dqsiqqz7q/image/upload/v1733927635/swc-storage/iomtelecgso0x5gvlg3c.png', 'https://res.cloudinary.com/dqsiqqz7q/image/upload/v1733927636/swc-storage/npqdzch1iyetfhhihwwv.png', 'Từ 22.999.000đ', 'Chiếc máy tính để bàn Mac giá cả phải chăng nhất với hiệu suất vượt trội.', 'Mac mini', 1, 6, '2024-12-11 14:33:55.029947', '{"RAM": [], "SSD": [], "screen": "", "display": ""}', 'active', -1.0);
INSERT INTO public.products (id, image, shop_image, price, description, name, supplier_id, category_id, created, specs, status, rating) VALUES (18, 'https://res.cloudinary.com/dqsiqqz7q/image/upload/v1733927665/swc-storage/uyw1tmik2wyezrpbxjme.png', 'https://res.cloudinary.com/dqsiqqz7q/image/upload/v1733927666/swc-storage/flz9mfrlprbfv2wjivjx.png', 'Từ 32.999.000đ', 'Hiệu suất mạnh mẽ và kết nối mở rộng cho các quy trình làm việc chuyên nghiệp.', 'Mac Studio', 1, 6, '2024-12-11 14:34:24.631084', '{"RAM": [], "SSD": [], "screen": "", "display": ""}', 'active', -1.0);
INSERT INTO public.products (id, image, shop_image, price, description, name, supplier_id, category_id, created, specs, status, rating) VALUES (19, 'https://res.cloudinary.com/dqsiqqz7q/image/upload/v1733927699/swc-storage/yolejysmchxnohhwl7gk.png', 'https://res.cloudinary.com/dqsiqqz7q/image/upload/v1733927700/swc-storage/jrxneos0xcdodn0qnakg.png', 'Từ 42.999.000đ', 'Một máy trạm chuyên nghiệp với khả năng mở rộng PCIe cho các quy trình làm việc đòi hỏi cao.', 'Mac Pro', 1, 6, '2024-12-11 14:34:58.030234', '{"RAM": [], "SSD": [], "screen": "", "display": ""}', 'active', -1.0);
INSERT INTO public.products (id, image, shop_image, price, description, name, supplier_id, category_id, created, specs, status, rating) VALUES (25, 'https://res.cloudinary.com/dqsiqqz7q/image/upload/v1733996527/swc-storage/gnooudekss8wlpnfklbe.png', 'https://res.cloudinary.com/dqsiqqz7q/image/upload/v1733996529/swc-storage/epnl1z3o8ssqb6remr6s.png', '1.429.000đ', '', 'Ốp Lưng Trong Suốt MagSafe cho iPhone 15 Pro', 1, 2, '2024-12-12 09:42:06.844449', '{"RAM": [], "SSD": [], "screen": "", "display": ""}', 'active', -1.0);
INSERT INTO public.products (id, image, shop_image, price, description, name, supplier_id, category_id, created, specs, status, rating) VALUES (20, 'https://res.cloudinary.com/dqsiqqz7q/image/upload/v1733927741/swc-storage/ptupcrnb2t9lbntlqhar.png', 'https://res.cloudinary.com/dqsiqqz7q/image/upload/v1733927744/swc-storage/kaieinsa3zr5ebwpmvt3.png', 'Từ 32.999.000đ', 'Màn hình XDR 6K tiên tiến cho các quy trình làm việc chuyên nghiệp.', 'Pro Display XDR', 1, 7, '2024-12-11 14:35:40.728908', '{"RAM": [], "SSD": [], "screen": "", "display": ""}', 'active', -1.0);
INSERT INTO public.products (id, image, shop_image, price, description, name, supplier_id, category_id, created, specs, status, rating) VALUES (21, 'https://res.cloudinary.com/dqsiqqz7q/image/upload/v1733927771/swc-storage/hpicxn5alh2wbjl3g3tm.png', 'https://res.cloudinary.com/dqsiqqz7q/image/upload/v1733927772/swc-storage/qjkmns15gukeuuii8osv.png', 'Từ 25.999.000đ', 'Màn hình Retina 5K với camera và âm thanh tuyệt vời.', 'Studio Display', 1, 7, '2024-12-11 14:36:10.592638', '{"RAM": [], "SSD": [], "screen": "", "display": ""}', 'active', -1.0);
INSERT INTO public.products (id, image, shop_image, price, description, name, supplier_id, category_id, created, specs, status, rating) VALUES (30, 'https://res.cloudinary.com/dqsiqqz7q/image/upload/v1733997028/swc-storage/cjj6ekvh7cxdzan7jbke.png', 'https://res.cloudinary.com/dqsiqqz7q/image/upload/v1733997029/swc-storage/tuq3xm683nkc1cipm05d.png', '6.199.000đ', 'Thế hệ thứ 2', 'AirPods Pro', 1, 5, '2024-12-12 09:50:27.076242', '{"RAM": [], "SSD": [], "screen": "", "display": ""}', 'active', -1.0);
INSERT INTO public.products (id, image, shop_image, price, description, name, supplier_id, category_id, created, specs, status, rating) VALUES (26, 'https://res.cloudinary.com/dqsiqqz7q/image/upload/v1733996566/swc-storage/cy8vum4grvgfp2js232i.png', 'https://res.cloudinary.com/dqsiqqz7q/image/upload/v1733996567/swc-storage/hevl6vhgdldvxa2o1aob.png', '549.000đ', '', 'Bộ sạc USB-C 20W', 1, 2, '2024-12-12 09:42:45.850047', '{"RAM": [], "SSD": [], "screen": "", "display": ""}', 'active', -1.0);
INSERT INTO public.products (id, image, shop_image, price, description, name, supplier_id, category_id, created, specs, status, rating) VALUES (32, 'https://res.cloudinary.com/dqsiqqz7q/image/upload/v1734250570/swc-storage/amncjgdzyys7jskaumx8.png', 'https://res.cloudinary.com/dqsiqqz7q/image/upload/v1734250574/swc-storage/vyrfxuomqrfqf2kc0ijo.jpg,https://res.cloudinary.com/dqsiqqz7q/image/upload/v1734250581/swc-storage/w1lfwnunqyrtfx97td8c.jpg,https://res.cloudinary.com/dqsiqqz7q/image/upload/v1734250585/swc-storage/gfisepjmrsjtvkggmyar.jpg', 'Từ 6.399.000đ', 'Tất cả tính năng bạn cần. Giá nhẹ nhàng.', 'Apple Watch SE', 1, 4, '2024-12-15 08:16:08.269561', '{"RAM": [], "SSD": [], "screen": "", "display": ""}', 'active', -1.0);
INSERT INTO public.products (id, image, shop_image, price, description, name, supplier_id, category_id, created, specs, status, rating) VALUES (23, 'https://res.cloudinary.com/dqsiqqz7q/image/upload/v1733996451/swc-storage/hfuzeht5zphwkgmfcpfe.png', 'https://res.cloudinary.com/dqsiqqz7q/image/upload/v1733996452/swc-storage/wroezwhvjo9bcdyuw0r0.png', '1.429.000đ', 'Màu Xanh Dương Nhạt', 'Ốp Lưng Silicon MagSafe cho iPhone 15', 1, 2, '2024-12-12 09:40:49.320538', '{"RAM": [], "SSD": [], "screen": "", "display": ""}', 'active', -1.0);
INSERT INTO public.products (id, image, shop_image, price, description, name, supplier_id, category_id, created, specs, status, rating) VALUES (27, 'https://res.cloudinary.com/dqsiqqz7q/image/upload/v1733996622/swc-storage/ueh9izgnwlp8it4zzazk.png', 'https://res.cloudinary.com/dqsiqqz7q/image/upload/v1733996623/swc-storage/ptlgsts5jrixi8upswfa.png', '1.199.000đ', '', 'Bộ Sạc MagSafe', 1, 2, '2024-12-12 09:43:41.748555', '{"RAM": [], "SSD": [], "screen": "", "display": ""}', 'active', -1.0);
INSERT INTO public.products (id, image, shop_image, price, description, name, supplier_id, category_id, created, specs, status, rating) VALUES (24, 'https://res.cloudinary.com/dqsiqqz7q/image/upload/v1733996497/swc-storage/vvqzzpaoe76hdtu53tja.png', 'https://res.cloudinary.com/dqsiqqz7q/image/upload/v1733996498/swc-storage/vapqzwbeo38cptvrwurl.png', '1.699.000đ', 'Nâu Xám', 'Ví Vải Tinh Dệt MagSafe cho iPhone', 1, 2, '2024-12-12 09:41:36.175917', '{"RAM": [], "SSD": [], "screen": "", "display": ""}', 'active', -1.0);
INSERT INTO public.products (id, image, shop_image, price, description, name, supplier_id, category_id, created, specs, status, rating) VALUES (28, 'https://res.cloudinary.com/dqsiqqz7q/image/upload/v1733996658/swc-storage/ktc67zbcd4fd7yqzj4vn.png', 'https://res.cloudinary.com/dqsiqqz7q/image/upload/v1733996659/swc-storage/jdqt7asvpw9eoctpnkck.png', '1.699.000đ', 'Dâu Tằm', 'Ốp Lưng Vải Tinh Dệt MagSafe cho iPhone 15 Pro', 1, 2, '2024-12-12 09:44:17.250636', '{"RAM": [], "SSD": [], "screen": "", "display": ""}', 'active', -1.0);
INSERT INTO public.products (id, image, shop_image, price, description, name, supplier_id, category_id, created, specs, status, rating) VALUES (31, 'https://res.cloudinary.com/dqsiqqz7q/image/upload/v1733997064/swc-storage/mhxvhku0nalp67rjqn3f.png', 'https://res.cloudinary.com/dqsiqqz7q/image/upload/v1733997065/swc-storage/nfoxesnfwtgf7dqox1wp.png', '13.199.000đ', '', 'AirPods Max', 1, 5, '2024-12-12 09:51:03.530093', '{"RAM": [], "SSD": [], "screen": "", "display": ""}', 'active', -1.0);
INSERT INTO public.products (id, image, shop_image, price, description, name, supplier_id, category_id, created, specs, status, rating) VALUES (29, 'https://res.cloudinary.com/dqsiqqz7q/image/upload/v1733996975/swc-storage/hcdlynzvi5u3rpfjzf1r.png', 'https://res.cloudinary.com/dqsiqqz7q/image/upload/v1733996977/swc-storage/vuumarucs8e8jdcpxlpp.png', '4.499.000đ', 'Thế hệ thứ 3', 'AirPods', 1, 5, '2024-12-12 09:49:34.517462', '{"RAM": [], "SSD": [], "screen": "", "display": ""}', 'active', -1.0);


--
-- Name: products_id_seq; Type: SEQUENCE SET; Schema: public; Owner: admin
--

SELECT pg_catalog.setval('public.products_id_seq', 32, true);


--
-- PostgreSQL database dump complete
--


--
-- Data for Name: inventories; Type: TABLE DATA; Schema: public; Owner: admin
--

INSERT INTO public.inventories (id, product_id, price, status, currency_code, available, color, color_img, image, specs) VALUES (29, 8, 39999000.0000, 'active', 'VND', 15, 'Silver', 'https://res.cloudinary.com/dqsiqqz7q/image/upload/v1734233336/swc-storage/k1rjdglxq916dezvw1it.png', 'https://res.cloudinary.com/dqsiqqz7q/image/upload/v1734233319/swc-storage/raqtrelhdwzikim3bqc9.webp,https://res.cloudinary.com/dqsiqqz7q/image/upload/v1734233321/swc-storage/y6ipu2osfepmq241jsgo.webp,https://res.cloudinary.com/dqsiqqz7q/image/upload/v1734233323/swc-storage/yb03ufeizxitzlas6fzg.webp,https://res.cloudinary.com/dqsiqqz7q/image/upload/v1734233332/swc-storage/dc4tnvrc24srje9hgjdc.webp,https://res.cloudinary.com/dqsiqqz7q/image/upload/v1734233333/swc-storage/en6wz49pedbejgggp5pz.webp,https://res.cloudinary.com/dqsiqqz7q/image/upload/v1734233335/swc-storage/vg9caz82gzfotbovz5h0.webp', '{"ram": "16GB", "ssd": "256GB", "desc": "", "connection": ""}');
INSERT INTO public.inventories (id, product_id, price, status, currency_code, available, color, color_img, image, specs) VALUES (43, 32, 7699000.0000, 'active', 'VND', 15, 'Silver', 'https://res.cloudinary.com/dqsiqqz7q/image/upload/v1734250800/swc-storage/omyffc1as88smesvdxrj.jpg', 'https://res.cloudinary.com/dqsiqqz7q/image/upload/v1734250737/swc-storage/hlrrcgiuywj3ryjvxgyb.jpg,https://res.cloudinary.com/dqsiqqz7q/image/upload/v1734250799/swc-storage/quo2ifnnxapfrfa6tabl.jpg', '{"ram": "", "ssd": "", "desc": "Gọi điện và gửi tin nhắn chỉ với Apple Watch.", "connection": "GPS + Cellular"}');
INSERT INTO public.inventories (id, product_id, price, status, currency_code, available, color, color_img, image, specs) VALUES (44, 32, 6399000.0000, 'active', 'VND', 15, 'Silver', 'https://res.cloudinary.com/dqsiqqz7q/image/upload/v1734250800/swc-storage/omyffc1as88smesvdxrj.jpg', 'https://res.cloudinary.com/dqsiqqz7q/image/upload/v1734250737/swc-storage/hlrrcgiuywj3ryjvxgyb.jpg,https://res.cloudinary.com/dqsiqqz7q/image/upload/v1734250799/swc-storage/quo2ifnnxapfrfa6tabl.jpg', '{"ram": "", "ssd": "", "desc": "Gọi điện và gửi tin nhắn với iPhone gần bạn", "connection": "GPS"}');
INSERT INTO public.inventories (id, product_id, price, status, currency_code, available, color, color_img, image, specs) VALUES (30, 8, 39999000.0000, 'active', 'VND', 15, 'Silver', 'https://res.cloudinary.com/dqsiqqz7q/image/upload/v1734233336/swc-storage/k1rjdglxq916dezvw1it.png', 'https://res.cloudinary.com/dqsiqqz7q/image/upload/v1734233319/swc-storage/raqtrelhdwzikim3bqc9.webp,https://res.cloudinary.com/dqsiqqz7q/image/upload/v1734233321/swc-storage/y6ipu2osfepmq241jsgo.webp,https://res.cloudinary.com/dqsiqqz7q/image/upload/v1734233323/swc-storage/yb03ufeizxitzlas6fzg.webp,https://res.cloudinary.com/dqsiqqz7q/image/upload/v1734233332/swc-storage/dc4tnvrc24srje9hgjdc.webp,https://res.cloudinary.com/dqsiqqz7q/image/upload/v1734233333/swc-storage/en6wz49pedbejgggp5pz.webp,https://res.cloudinary.com/dqsiqqz7q/image/upload/v1734233335/swc-storage/vg9caz82gzfotbovz5h0.webp', '{"ram": "8GB", "ssd": "256GB", "desc": "", "connection": ""}');
INSERT INTO public.inventories (id, product_id, price, status, currency_code, available, color, color_img, image, specs) VALUES (41, 32, 6399000.0000, 'active', 'VND', 15, 'Midnight', 'https://res.cloudinary.com/dqsiqqz7q/image/upload/v1734250697/swc-storage/w2fs9pr1aqu4ipp8zpdy.jpg', 'https://res.cloudinary.com/dqsiqqz7q/image/upload/v1734250673/swc-storage/g4sfuacvrkbghhz7o6m9.jpg,https://res.cloudinary.com/dqsiqqz7q/image/upload/v1734250696/swc-storage/otkzrmpxj5iovgiwgayp.jpg', '{"ram": "", "ssd": "", "desc": "Gọi điện và gửi tin nhắn với iPhone gần bạn", "connection": "GPS"}');
INSERT INTO public.inventories (id, product_id, price, status, currency_code, available, color, color_img, image, specs) VALUES (42, 32, 7699000.0000, 'active', 'VND', 15, 'Midnight', 'https://res.cloudinary.com/dqsiqqz7q/image/upload/v1734250697/swc-storage/w2fs9pr1aqu4ipp8zpdy.jpg', 'https://res.cloudinary.com/dqsiqqz7q/image/upload/v1734250673/swc-storage/g4sfuacvrkbghhz7o6m9.jpg,https://res.cloudinary.com/dqsiqqz7q/image/upload/v1734250696/swc-storage/otkzrmpxj5iovgiwgayp.jpg', '{"ram": "", "ssd": "", "desc": "Gọi điện và gửi tin nhắn chỉ với Apple Watch.", "connection": "GPS + Cellular"}');
INSERT INTO public.inventories (id, product_id, price, status, currency_code, available, color, color_img, image, specs) VALUES (45, 32, 6399000.0000, 'active', 'VND', 15, 'Starlight', 'https://res.cloudinary.com/dqsiqqz7q/image/upload/v1734250841/swc-storage/xauhi3zsbcwdpu4yu5bz.jpg', 'https://res.cloudinary.com/dqsiqqz7q/image/upload/v1734250821/swc-storage/zlbzcd1pyjwnm1b2ulcy.jpg,https://res.cloudinary.com/dqsiqqz7q/image/upload/v1734250840/swc-storage/f3ehet4mrcimlue3zsvz.jpg', '{"ram": "", "ssd": "", "desc": "Gọi điện và gửi tin nhắn với iPhone gần bạn", "connection": "GPS"}');
INSERT INTO public.inventories (id, product_id, price, status, currency_code, available, color, color_img, image, specs) VALUES (46, 32, 7399000.0000, 'active', 'VND', 15, 'Starlight', 'https://res.cloudinary.com/dqsiqqz7q/image/upload/v1734250841/swc-storage/xauhi3zsbcwdpu4yu5bz.jpg', 'https://res.cloudinary.com/dqsiqqz7q/image/upload/v1734250821/swc-storage/zlbzcd1pyjwnm1b2ulcy.jpg,https://res.cloudinary.com/dqsiqqz7q/image/upload/v1734250840/swc-storage/f3ehet4mrcimlue3zsvz.jpg', '{"ram": "", "ssd": "", "desc": "Gọi điện và gửi tin nhắn chỉ với Apple Watch.", "connection": "GPS + Cellular"}');
INSERT INTO public.inventories (id, product_id, price, status, currency_code, available, color, color_img, image, specs) VALUES (31, 12, 28999000.0000, 'active', 'VND', 15, 'Starlight', 'https://res.cloudinary.com/dqsiqqz7q/image/upload/v1734248552/swc-storage/qoactldtsiki6pwaarhj.jpg', 'https://res.cloudinary.com/dqsiqqz7q/image/upload/v1734248330/swc-storage/euwatwkncykyeb5qcmyg.jpg,https://res.cloudinary.com/dqsiqqz7q/image/upload/v1734248551/swc-storage/jjfr4ydykc2bx8m3vtxr.jpg', '{"ram": "8GB", "ssd": "256GB", "desc": "", "connection": ""}');
INSERT INTO public.inventories (id, product_id, price, status, currency_code, available, color, color_img, image, specs) VALUES (32, 12, 38999000.0000, 'active', 'VND', 15, 'Starlight', 'https://res.cloudinary.com/dqsiqqz7q/image/upload/v1734248552/swc-storage/qoactldtsiki6pwaarhj.jpg', 'https://res.cloudinary.com/dqsiqqz7q/image/upload/v1734248330/swc-storage/euwatwkncykyeb5qcmyg.jpg,https://res.cloudinary.com/dqsiqqz7q/image/upload/v1734248551/swc-storage/jjfr4ydykc2bx8m3vtxr.jpg', '{"ram": "16GB", "ssd": "256GB", "desc": "", "connection": ""}');
INSERT INTO public.inventories (id, product_id, price, status, currency_code, available, color, color_img, image, specs) VALUES (33, 12, 28999000.0000, 'active', 'VND', 15, 'Midnight', 'https://res.cloudinary.com/dqsiqqz7q/image/upload/v1734248617/swc-storage/tcqzmfzvfzlhowttvm7f.jpg', 'https://res.cloudinary.com/dqsiqqz7q/image/upload/v1734248598/swc-storage/s1vzogiaykyve7sradz7.jpg,https://res.cloudinary.com/dqsiqqz7q/image/upload/v1734248616/swc-storage/lg6qnnrdtqz1r7ix19gc.jpg', '{"ram": "8GB", "ssd": "256GB", "desc": "", "connection": ""}');
INSERT INTO public.inventories (id, product_id, price, status, currency_code, available, color, color_img, image, specs) VALUES (34, 12, 38999000.0000, 'active', 'VND', 15, 'Midnight', 'https://res.cloudinary.com/dqsiqqz7q/image/upload/v1734248617/swc-storage/tcqzmfzvfzlhowttvm7f.jpg', 'https://res.cloudinary.com/dqsiqqz7q/image/upload/v1734248598/swc-storage/s1vzogiaykyve7sradz7.jpg,https://res.cloudinary.com/dqsiqqz7q/image/upload/v1734248616/swc-storage/lg6qnnrdtqz1r7ix19gc.jpg', '{"ram": "16GB", "ssd": "256GB", "desc": "", "connection": ""}');
INSERT INTO public.inventories (id, product_id, price, status, currency_code, available, color, color_img, image, specs) VALUES (17, 2, 39999000.0000, 'active', 'VND', 15, 'Blue Titanium', 'https://res.cloudinary.com/dqsiqqz7q/image/upload/v1734232415/swc-storage/hh0e2uecp2znzropusee.jpg', 'https://res.cloudinary.com/dqsiqqz7q/image/upload/v1734232334/swc-storage/qm6j89qr0hiy1k16hgz8.jpg,https://res.cloudinary.com/dqsiqqz7q/image/upload/v1734232337/swc-storage/eqdy7wzmzcyj47pvi412.jpg,https://res.cloudinary.com/dqsiqqz7q/image/upload/v1734232338/swc-storage/cyqzaqt49nvb0vmxaomg.jpg,https://res.cloudinary.com/dqsiqqz7q/image/upload/v1734232340/swc-storage/jwnlykxn09pwhqeyhzeh.jpg,https://res.cloudinary.com/dqsiqqz7q/image/upload/v1734232349/swc-storage/ywq2vv4oc0fhc4b8xwwg.jpg,https://res.cloudinary.com/dqsiqqz7q/image/upload/v1734232350/swc-storage/hr9951iz6geehybo2qsy.jpg,https://res.cloudinary.com/dqsiqqz7q/image/upload/v1734232352/swc-storage/es2mhti1lbgf1qchlvi0.jpg,https://res.cloudinary.com/dqsiqqz7q/image/upload/v1734232354/swc-storage/xurobptbgexkchmx2efe.jpg,https://res.cloudinary.com/dqsiqqz7q/image/upload/v1734232365/swc-storage/npeis3dbjphhaosrgbrq.jpg,https://res.cloudinary.com/dqsiqqz7q/image/upload/v1734232366/swc-storage/ejqgvnoqhmmx3e9qeu8q.jpg,https://res.cloudinary.com/dqsiqqz7q/image/upload/v1734232368/swc-storage/svas4dkqttw8dydcpqe2.jpg,https://res.cloudinary.com/dqsiqqz7q/image/upload/v1734232369/swc-storage/j2jkean4dzvku6mwnpq4.jpg,https://res.cloudinary.com/dqsiqqz7q/image/upload/v1734232380/swc-storage/ng9nx8tfgdtkxtxddiz9.jpg,https://res.cloudinary.com/dqsiqqz7q/image/upload/v1734232382/swc-storage/o0cguxcjpcq1gx6oru9n.jpg,https://res.cloudinary.com/dqsiqqz7q/image/upload/v1734232383/swc-storage/qsholcn6piq5sinjtsvx.jpg,https://res.cloudinary.com/dqsiqqz7q/image/upload/v1734232384/swc-storage/tifxtdyjw4nyfv9rji8a.jpg,https://res.cloudinary.com/dqsiqqz7q/image/upload/v1734232394/swc-storage/hu322b3uczsjw6bjmwt9.jpg,https://res.cloudinary.com/dqsiqqz7q/image/upload/v1734232395/swc-storage/lgl0hyi70xoykp9ymg4f.jpg,https://res.cloudinary.com/dqsiqqz7q/image/upload/v1734232396/swc-storage/xi7vtpfxikptypnhbnm6.jpg,https://res.cloudinary.com/dqsiqqz7q/image/upload/v1734232397/swc-storage/t641foggu4ykbqounnmk.jpg,https://res.cloudinary.com/dqsiqqz7q/image/upload/v1734232411/swc-storage/lbmsysbevnsele1gfnxd.jpg,https://res.cloudinary.com/dqsiqqz7q/image/upload/v1734232412/swc-storage/llvlmoo6rq1xcxoe74ke.jpg,https://res.cloudinary.com/dqsiqqz7q/image/upload/v1734232412/swc-storage/xtbhugj9vkji2wgzp9i5.jpg,https://res.cloudinary.com/dqsiqqz7q/image/upload/v1734232414/swc-storage/ozhtknory74lyqxwco3w.jpg', '{"ram": "16GB", "ssd": "128GB", "desc": "", "connection": ""}');
INSERT INTO public.inventories (id, product_id, price, status, currency_code, available, color, color_img, image, specs) VALUES (16, 2, 39999000.0000, 'active', 'VND', 15, 'Blue Titanium', 'https://res.cloudinary.com/dqsiqqz7q/image/upload/v1734232415/swc-storage/hh0e2uecp2znzropusee.jpg', 'https://res.cloudinary.com/dqsiqqz7q/image/upload/v1734232334/swc-storage/qm6j89qr0hiy1k16hgz8.jpg,https://res.cloudinary.com/dqsiqqz7q/image/upload/v1734232337/swc-storage/eqdy7wzmzcyj47pvi412.jpg,https://res.cloudinary.com/dqsiqqz7q/image/upload/v1734232338/swc-storage/cyqzaqt49nvb0vmxaomg.jpg,https://res.cloudinary.com/dqsiqqz7q/image/upload/v1734232340/swc-storage/jwnlykxn09pwhqeyhzeh.jpg,https://res.cloudinary.com/dqsiqqz7q/image/upload/v1734232349/swc-storage/ywq2vv4oc0fhc4b8xwwg.jpg,https://res.cloudinary.com/dqsiqqz7q/image/upload/v1734232350/swc-storage/hr9951iz6geehybo2qsy.jpg,https://res.cloudinary.com/dqsiqqz7q/image/upload/v1734232352/swc-storage/es2mhti1lbgf1qchlvi0.jpg,https://res.cloudinary.com/dqsiqqz7q/image/upload/v1734232354/swc-storage/xurobptbgexkchmx2efe.jpg,https://res.cloudinary.com/dqsiqqz7q/image/upload/v1734232365/swc-storage/npeis3dbjphhaosrgbrq.jpg,https://res.cloudinary.com/dqsiqqz7q/image/upload/v1734232366/swc-storage/ejqgvnoqhmmx3e9qeu8q.jpg,https://res.cloudinary.com/dqsiqqz7q/image/upload/v1734232368/swc-storage/svas4dkqttw8dydcpqe2.jpg,https://res.cloudinary.com/dqsiqqz7q/image/upload/v1734232369/swc-storage/j2jkean4dzvku6mwnpq4.jpg,https://res.cloudinary.com/dqsiqqz7q/image/upload/v1734232380/swc-storage/ng9nx8tfgdtkxtxddiz9.jpg,https://res.cloudinary.com/dqsiqqz7q/image/upload/v1734232382/swc-storage/o0cguxcjpcq1gx6oru9n.jpg,https://res.cloudinary.com/dqsiqqz7q/image/upload/v1734232383/swc-storage/qsholcn6piq5sinjtsvx.jpg,https://res.cloudinary.com/dqsiqqz7q/image/upload/v1734232384/swc-storage/tifxtdyjw4nyfv9rji8a.jpg,https://res.cloudinary.com/dqsiqqz7q/image/upload/v1734232394/swc-storage/hu322b3uczsjw6bjmwt9.jpg,https://res.cloudinary.com/dqsiqqz7q/image/upload/v1734232395/swc-storage/lgl0hyi70xoykp9ymg4f.jpg,https://res.cloudinary.com/dqsiqqz7q/image/upload/v1734232396/swc-storage/xi7vtpfxikptypnhbnm6.jpg,https://res.cloudinary.com/dqsiqqz7q/image/upload/v1734232397/swc-storage/t641foggu4ykbqounnmk.jpg,https://res.cloudinary.com/dqsiqqz7q/image/upload/v1734232411/swc-storage/lbmsysbevnsele1gfnxd.jpg,https://res.cloudinary.com/dqsiqqz7q/image/upload/v1734232412/swc-storage/llvlmoo6rq1xcxoe74ke.jpg,https://res.cloudinary.com/dqsiqqz7q/image/upload/v1734232412/swc-storage/xtbhugj9vkji2wgzp9i5.jpg,https://res.cloudinary.com/dqsiqqz7q/image/upload/v1734232414/swc-storage/ozhtknory74lyqxwco3w.jpg', '{"ram": "8GB", "ssd": "128GB", "desc": "", "connection": ""}');
INSERT INTO public.inventories (id, product_id, price, status, currency_code, available, color, color_img, image, specs) VALUES (18, 2, 39999000.0000, 'active', 'VND', 15, 'Blue Titanium', 'https://res.cloudinary.com/dqsiqqz7q/image/upload/v1734232415/swc-storage/hh0e2uecp2znzropusee.jpg', 'https://res.cloudinary.com/dqsiqqz7q/image/upload/v1734232334/swc-storage/qm6j89qr0hiy1k16hgz8.jpg,https://res.cloudinary.com/dqsiqqz7q/image/upload/v1734232337/swc-storage/eqdy7wzmzcyj47pvi412.jpg,https://res.cloudinary.com/dqsiqqz7q/image/upload/v1734232338/swc-storage/cyqzaqt49nvb0vmxaomg.jpg,https://res.cloudinary.com/dqsiqqz7q/image/upload/v1734232340/swc-storage/jwnlykxn09pwhqeyhzeh.jpg,https://res.cloudinary.com/dqsiqqz7q/image/upload/v1734232349/swc-storage/ywq2vv4oc0fhc4b8xwwg.jpg,https://res.cloudinary.com/dqsiqqz7q/image/upload/v1734232350/swc-storage/hr9951iz6geehybo2qsy.jpg,https://res.cloudinary.com/dqsiqqz7q/image/upload/v1734232352/swc-storage/es2mhti1lbgf1qchlvi0.jpg,https://res.cloudinary.com/dqsiqqz7q/image/upload/v1734232354/swc-storage/xurobptbgexkchmx2efe.jpg,https://res.cloudinary.com/dqsiqqz7q/image/upload/v1734232365/swc-storage/npeis3dbjphhaosrgbrq.jpg,https://res.cloudinary.com/dqsiqqz7q/image/upload/v1734232366/swc-storage/ejqgvnoqhmmx3e9qeu8q.jpg,https://res.cloudinary.com/dqsiqqz7q/image/upload/v1734232368/swc-storage/svas4dkqttw8dydcpqe2.jpg,https://res.cloudinary.com/dqsiqqz7q/image/upload/v1734232369/swc-storage/j2jkean4dzvku6mwnpq4.jpg,https://res.cloudinary.com/dqsiqqz7q/image/upload/v1734232380/swc-storage/ng9nx8tfgdtkxtxddiz9.jpg,https://res.cloudinary.com/dqsiqqz7q/image/upload/v1734232382/swc-storage/o0cguxcjpcq1gx6oru9n.jpg,https://res.cloudinary.com/dqsiqqz7q/image/upload/v1734232383/swc-storage/qsholcn6piq5sinjtsvx.jpg,https://res.cloudinary.com/dqsiqqz7q/image/upload/v1734232384/swc-storage/tifxtdyjw4nyfv9rji8a.jpg,https://res.cloudinary.com/dqsiqqz7q/image/upload/v1734232394/swc-storage/hu322b3uczsjw6bjmwt9.jpg,https://res.cloudinary.com/dqsiqqz7q/image/upload/v1734232395/swc-storage/lgl0hyi70xoykp9ymg4f.jpg,https://res.cloudinary.com/dqsiqqz7q/image/upload/v1734232396/swc-storage/xi7vtpfxikptypnhbnm6.jpg,https://res.cloudinary.com/dqsiqqz7q/image/upload/v1734232397/swc-storage/t641foggu4ykbqounnmk.jpg,https://res.cloudinary.com/dqsiqqz7q/image/upload/v1734232411/swc-storage/lbmsysbevnsele1gfnxd.jpg,https://res.cloudinary.com/dqsiqqz7q/image/upload/v1734232412/swc-storage/llvlmoo6rq1xcxoe74ke.jpg,https://res.cloudinary.com/dqsiqqz7q/image/upload/v1734232412/swc-storage/xtbhugj9vkji2wgzp9i5.jpg,https://res.cloudinary.com/dqsiqqz7q/image/upload/v1734232414/swc-storage/ozhtknory74lyqxwco3w.jpg', '{"ram": "8GB", "ssd": "256GB", "desc": "", "connection": ""}');
INSERT INTO public.inventories (id, product_id, price, status, currency_code, available, color, color_img, image, specs) VALUES (15, 2, 69999000.0000, 'active', 'VND', 15, 'Natural Titanium', 'https://res.cloudinary.com/dqsiqqz7q/image/upload/v1734232282/swc-storage/zihxabw5y5z60k3zuwpg.jpg', 'https://res.cloudinary.com/dqsiqqz7q/image/upload/v1734232190/swc-storage/jovesqhmgcq0rs1zstbi.jpg,https://res.cloudinary.com/dqsiqqz7q/image/upload/v1734232191/swc-storage/vkjkbgbkmrkitdmhmjka.jpg,https://res.cloudinary.com/dqsiqqz7q/image/upload/v1734232192/swc-storage/gfthyaf1tklvqnobp01v.jpg,https://res.cloudinary.com/dqsiqqz7q/image/upload/v1734232193/swc-storage/phtpp9130sk1ro1eo14a.jpg,https://res.cloudinary.com/dqsiqqz7q/image/upload/v1734232205/swc-storage/qlfgmysvxr7momqtkhgh.jpg,https://res.cloudinary.com/dqsiqqz7q/image/upload/v1734232206/swc-storage/waxelkavyobq798qt1jk.jpg,https://res.cloudinary.com/dqsiqqz7q/image/upload/v1734232207/swc-storage/b3cw40b0svivm8rns18m.jpg,https://res.cloudinary.com/dqsiqqz7q/image/upload/v1734232209/swc-storage/ojcwk9nppj86bbekrvww.jpg,https://res.cloudinary.com/dqsiqqz7q/image/upload/v1734232218/swc-storage/l4nqpwllufwpzyrkkhem.jpg,https://res.cloudinary.com/dqsiqqz7q/image/upload/v1734232220/swc-storage/avpbewj3luj6dahcvnmz.jpg,https://res.cloudinary.com/dqsiqqz7q/image/upload/v1734232221/swc-storage/up0reiezjrirauserk1u.jpg,https://res.cloudinary.com/dqsiqqz7q/image/upload/v1734232223/swc-storage/t7phyf9u2rbpipelk4nz.jpg,https://res.cloudinary.com/dqsiqqz7q/image/upload/v1734232248/swc-storage/zlpt8b78uhjq7uencg7s.jpg,https://res.cloudinary.com/dqsiqqz7q/image/upload/v1734232249/swc-storage/dx6khvv6jifxfccmbeq0.jpg,https://res.cloudinary.com/dqsiqqz7q/image/upload/v1734232250/swc-storage/zegvv9u0dmlfajknuign.jpg,https://res.cloudinary.com/dqsiqqz7q/image/upload/v1734232251/swc-storage/cmkfl7jot20eiraj5gd6.jpg,https://res.cloudinary.com/dqsiqqz7q/image/upload/v1734232261/swc-storage/susjequ2c1curd5prxve.jpg,https://res.cloudinary.com/dqsiqqz7q/image/upload/v1734232262/swc-storage/sh09xls27rrzymhypyke.jpg,https://res.cloudinary.com/dqsiqqz7q/image/upload/v1734232263/swc-storage/plaxwmkkahygwapdurgk.jpg,https://res.cloudinary.com/dqsiqqz7q/image/upload/v1734232265/swc-storage/byeujxfxd8sljqzqhzqr.jpg,https://res.cloudinary.com/dqsiqqz7q/image/upload/v1734232274/swc-storage/wwpurocpshostntiktwc.jpg,https://res.cloudinary.com/dqsiqqz7q/image/upload/v1734232276/swc-storage/uzuahicbqen88ylcymex.jpg,https://res.cloudinary.com/dqsiqqz7q/image/upload/v1734232278/swc-storage/p5y1r67dw5qlipohs36u.jpg,https://res.cloudinary.com/dqsiqqz7q/image/upload/v1734232281/swc-storage/vufmsfgjmvvf5yblrerj.jpg', '{"ram": "16GB", "ssd": "1TB", "desc": "", "connection": ""}');
INSERT INTO public.inventories (id, product_id, price, status, currency_code, available, color, color_img, image, specs) VALUES (19, 2, 49999000.0000, 'active', 'VND', 15, 'Blue Titanium', 'https://res.cloudinary.com/dqsiqqz7q/image/upload/v1734232415/swc-storage/hh0e2uecp2znzropusee.jpg', 'https://res.cloudinary.com/dqsiqqz7q/image/upload/v1734232334/swc-storage/qm6j89qr0hiy1k16hgz8.jpg,https://res.cloudinary.com/dqsiqqz7q/image/upload/v1734232337/swc-storage/eqdy7wzmzcyj47pvi412.jpg,https://res.cloudinary.com/dqsiqqz7q/image/upload/v1734232338/swc-storage/cyqzaqt49nvb0vmxaomg.jpg,https://res.cloudinary.com/dqsiqqz7q/image/upload/v1734232340/swc-storage/jwnlykxn09pwhqeyhzeh.jpg,https://res.cloudinary.com/dqsiqqz7q/image/upload/v1734232349/swc-storage/ywq2vv4oc0fhc4b8xwwg.jpg,https://res.cloudinary.com/dqsiqqz7q/image/upload/v1734232350/swc-storage/hr9951iz6geehybo2qsy.jpg,https://res.cloudinary.com/dqsiqqz7q/image/upload/v1734232352/swc-storage/es2mhti1lbgf1qchlvi0.jpg,https://res.cloudinary.com/dqsiqqz7q/image/upload/v1734232354/swc-storage/xurobptbgexkchmx2efe.jpg,https://res.cloudinary.com/dqsiqqz7q/image/upload/v1734232365/swc-storage/npeis3dbjphhaosrgbrq.jpg,https://res.cloudinary.com/dqsiqqz7q/image/upload/v1734232366/swc-storage/ejqgvnoqhmmx3e9qeu8q.jpg,https://res.cloudinary.com/dqsiqqz7q/image/upload/v1734232368/swc-storage/svas4dkqttw8dydcpqe2.jpg,https://res.cloudinary.com/dqsiqqz7q/image/upload/v1734232369/swc-storage/j2jkean4dzvku6mwnpq4.jpg,https://res.cloudinary.com/dqsiqqz7q/image/upload/v1734232380/swc-storage/ng9nx8tfgdtkxtxddiz9.jpg,https://res.cloudinary.com/dqsiqqz7q/image/upload/v1734232382/swc-storage/o0cguxcjpcq1gx6oru9n.jpg,https://res.cloudinary.com/dqsiqqz7q/image/upload/v1734232383/swc-storage/qsholcn6piq5sinjtsvx.jpg,https://res.cloudinary.com/dqsiqqz7q/image/upload/v1734232384/swc-storage/tifxtdyjw4nyfv9rji8a.jpg,https://res.cloudinary.com/dqsiqqz7q/image/upload/v1734232394/swc-storage/hu322b3uczsjw6bjmwt9.jpg,https://res.cloudinary.com/dqsiqqz7q/image/upload/v1734232395/swc-storage/lgl0hyi70xoykp9ymg4f.jpg,https://res.cloudinary.com/dqsiqqz7q/image/upload/v1734232396/swc-storage/xi7vtpfxikptypnhbnm6.jpg,https://res.cloudinary.com/dqsiqqz7q/image/upload/v1734232397/swc-storage/t641foggu4ykbqounnmk.jpg,https://res.cloudinary.com/dqsiqqz7q/image/upload/v1734232411/swc-storage/lbmsysbevnsele1gfnxd.jpg,https://res.cloudinary.com/dqsiqqz7q/image/upload/v1734232412/swc-storage/llvlmoo6rq1xcxoe74ke.jpg,https://res.cloudinary.com/dqsiqqz7q/image/upload/v1734232412/swc-storage/xtbhugj9vkji2wgzp9i5.jpg,https://res.cloudinary.com/dqsiqqz7q/image/upload/v1734232414/swc-storage/ozhtknory74lyqxwco3w.jpg', '{"ram": "16GB", "ssd": "256GB", "desc": "", "connection": ""}');
INSERT INTO public.inventories (id, product_id, price, status, currency_code, available, color, color_img, image, specs) VALUES (20, 2, 59999000.0000, 'active', 'VND', 15, 'Blue Titanium', 'https://res.cloudinary.com/dqsiqqz7q/image/upload/v1734232415/swc-storage/hh0e2uecp2znzropusee.jpg', 'https://res.cloudinary.com/dqsiqqz7q/image/upload/v1734232334/swc-storage/qm6j89qr0hiy1k16hgz8.jpg,https://res.cloudinary.com/dqsiqqz7q/image/upload/v1734232337/swc-storage/eqdy7wzmzcyj47pvi412.jpg,https://res.cloudinary.com/dqsiqqz7q/image/upload/v1734232338/swc-storage/cyqzaqt49nvb0vmxaomg.jpg,https://res.cloudinary.com/dqsiqqz7q/image/upload/v1734232340/swc-storage/jwnlykxn09pwhqeyhzeh.jpg,https://res.cloudinary.com/dqsiqqz7q/image/upload/v1734232349/swc-storage/ywq2vv4oc0fhc4b8xwwg.jpg,https://res.cloudinary.com/dqsiqqz7q/image/upload/v1734232350/swc-storage/hr9951iz6geehybo2qsy.jpg,https://res.cloudinary.com/dqsiqqz7q/image/upload/v1734232352/swc-storage/es2mhti1lbgf1qchlvi0.jpg,https://res.cloudinary.com/dqsiqqz7q/image/upload/v1734232354/swc-storage/xurobptbgexkchmx2efe.jpg,https://res.cloudinary.com/dqsiqqz7q/image/upload/v1734232365/swc-storage/npeis3dbjphhaosrgbrq.jpg,https://res.cloudinary.com/dqsiqqz7q/image/upload/v1734232366/swc-storage/ejqgvnoqhmmx3e9qeu8q.jpg,https://res.cloudinary.com/dqsiqqz7q/image/upload/v1734232368/swc-storage/svas4dkqttw8dydcpqe2.jpg,https://res.cloudinary.com/dqsiqqz7q/image/upload/v1734232369/swc-storage/j2jkean4dzvku6mwnpq4.jpg,https://res.cloudinary.com/dqsiqqz7q/image/upload/v1734232380/swc-storage/ng9nx8tfgdtkxtxddiz9.jpg,https://res.cloudinary.com/dqsiqqz7q/image/upload/v1734232382/swc-storage/o0cguxcjpcq1gx6oru9n.jpg,https://res.cloudinary.com/dqsiqqz7q/image/upload/v1734232383/swc-storage/qsholcn6piq5sinjtsvx.jpg,https://res.cloudinary.com/dqsiqqz7q/image/upload/v1734232384/swc-storage/tifxtdyjw4nyfv9rji8a.jpg,https://res.cloudinary.com/dqsiqqz7q/image/upload/v1734232394/swc-storage/hu322b3uczsjw6bjmwt9.jpg,https://res.cloudinary.com/dqsiqqz7q/image/upload/v1734232395/swc-storage/lgl0hyi70xoykp9ymg4f.jpg,https://res.cloudinary.com/dqsiqqz7q/image/upload/v1734232396/swc-storage/xi7vtpfxikptypnhbnm6.jpg,https://res.cloudinary.com/dqsiqqz7q/image/upload/v1734232397/swc-storage/t641foggu4ykbqounnmk.jpg,https://res.cloudinary.com/dqsiqqz7q/image/upload/v1734232411/swc-storage/lbmsysbevnsele1gfnxd.jpg,https://res.cloudinary.com/dqsiqqz7q/image/upload/v1734232412/swc-storage/llvlmoo6rq1xcxoe74ke.jpg,https://res.cloudinary.com/dqsiqqz7q/image/upload/v1734232412/swc-storage/xtbhugj9vkji2wgzp9i5.jpg,https://res.cloudinary.com/dqsiqqz7q/image/upload/v1734232414/swc-storage/ozhtknory74lyqxwco3w.jpg', '{"ram": "16GB", "ssd": "512GB", "desc": "", "connection": ""}');
INSERT INTO public.inventories (id, product_id, price, status, currency_code, available, color, color_img, image, specs) VALUES (21, 2, 69999000.0000, 'active', 'VND', 15, 'Blue Titanium', 'https://res.cloudinary.com/dqsiqqz7q/image/upload/v1734232415/swc-storage/hh0e2uecp2znzropusee.jpg', 'https://res.cloudinary.com/dqsiqqz7q/image/upload/v1734232334/swc-storage/qm6j89qr0hiy1k16hgz8.jpg,https://res.cloudinary.com/dqsiqqz7q/image/upload/v1734232337/swc-storage/eqdy7wzmzcyj47pvi412.jpg,https://res.cloudinary.com/dqsiqqz7q/image/upload/v1734232338/swc-storage/cyqzaqt49nvb0vmxaomg.jpg,https://res.cloudinary.com/dqsiqqz7q/image/upload/v1734232340/swc-storage/jwnlykxn09pwhqeyhzeh.jpg,https://res.cloudinary.com/dqsiqqz7q/image/upload/v1734232349/swc-storage/ywq2vv4oc0fhc4b8xwwg.jpg,https://res.cloudinary.com/dqsiqqz7q/image/upload/v1734232350/swc-storage/hr9951iz6geehybo2qsy.jpg,https://res.cloudinary.com/dqsiqqz7q/image/upload/v1734232352/swc-storage/es2mhti1lbgf1qchlvi0.jpg,https://res.cloudinary.com/dqsiqqz7q/image/upload/v1734232354/swc-storage/xurobptbgexkchmx2efe.jpg,https://res.cloudinary.com/dqsiqqz7q/image/upload/v1734232365/swc-storage/npeis3dbjphhaosrgbrq.jpg,https://res.cloudinary.com/dqsiqqz7q/image/upload/v1734232366/swc-storage/ejqgvnoqhmmx3e9qeu8q.jpg,https://res.cloudinary.com/dqsiqqz7q/image/upload/v1734232368/swc-storage/svas4dkqttw8dydcpqe2.jpg,https://res.cloudinary.com/dqsiqqz7q/image/upload/v1734232369/swc-storage/j2jkean4dzvku6mwnpq4.jpg,https://res.cloudinary.com/dqsiqqz7q/image/upload/v1734232380/swc-storage/ng9nx8tfgdtkxtxddiz9.jpg,https://res.cloudinary.com/dqsiqqz7q/image/upload/v1734232382/swc-storage/o0cguxcjpcq1gx6oru9n.jpg,https://res.cloudinary.com/dqsiqqz7q/image/upload/v1734232383/swc-storage/qsholcn6piq5sinjtsvx.jpg,https://res.cloudinary.com/dqsiqqz7q/image/upload/v1734232384/swc-storage/tifxtdyjw4nyfv9rji8a.jpg,https://res.cloudinary.com/dqsiqqz7q/image/upload/v1734232394/swc-storage/hu322b3uczsjw6bjmwt9.jpg,https://res.cloudinary.com/dqsiqqz7q/image/upload/v1734232395/swc-storage/lgl0hyi70xoykp9ymg4f.jpg,https://res.cloudinary.com/dqsiqqz7q/image/upload/v1734232396/swc-storage/xi7vtpfxikptypnhbnm6.jpg,https://res.cloudinary.com/dqsiqqz7q/image/upload/v1734232397/swc-storage/t641foggu4ykbqounnmk.jpg,https://res.cloudinary.com/dqsiqqz7q/image/upload/v1734232411/swc-storage/lbmsysbevnsele1gfnxd.jpg,https://res.cloudinary.com/dqsiqqz7q/image/upload/v1734232412/swc-storage/llvlmoo6rq1xcxoe74ke.jpg,https://res.cloudinary.com/dqsiqqz7q/image/upload/v1734232412/swc-storage/xtbhugj9vkji2wgzp9i5.jpg,https://res.cloudinary.com/dqsiqqz7q/image/upload/v1734232414/swc-storage/ozhtknory74lyqxwco3w.jpg', '{"ram": "16GB", "ssd": "1TB", "desc": "", "connection": ""}');
INSERT INTO public.inventories (id, product_id, price, status, currency_code, available, color, color_img, image, specs) VALUES (22, 2, 39999000.0000, 'active', 'VND', 15, 'White Titanium', 'https://res.cloudinary.com/dqsiqqz7q/image/upload/v1734232602/swc-storage/rv8pwokvob8tzyvipmge.jpg', 'https://res.cloudinary.com/dqsiqqz7q/image/upload/v1734232583/swc-storage/amcr9asggo92a0l2yda1.jpg,https://res.cloudinary.com/dqsiqqz7q/image/upload/v1734232584/swc-storage/gtejurlj0jqj6wtn1x6s.jpg,https://res.cloudinary.com/dqsiqqz7q/image/upload/v1734232586/swc-storage/qpxkwevhsc86aynygoss.jpg,https://res.cloudinary.com/dqsiqqz7q/image/upload/v1734232587/swc-storage/furrd8kccnaxly5tmade.jpg,https://res.cloudinary.com/dqsiqqz7q/image/upload/v1734232597/swc-storage/vj67uiguozannjdtttfb.jpg,https://res.cloudinary.com/dqsiqqz7q/image/upload/v1734232598/swc-storage/yeczyhyok0m4izbv4xld.jpg,https://res.cloudinary.com/dqsiqqz7q/image/upload/v1734232599/swc-storage/c2fnu5agpyru1va6hmts.jpg,https://res.cloudinary.com/dqsiqqz7q/image/upload/v1734232601/swc-storage/rcbgquni9vo1pjkkf0vl.jpg', '{"ram": "8GB", "ssd": "128GB", "desc": "", "connection": ""}');
INSERT INTO public.inventories (id, product_id, price, status, currency_code, available, color, color_img, image, specs) VALUES (23, 2, 39999000.0000, 'active', 'VND', 15, 'White Titanium', 'https://res.cloudinary.com/dqsiqqz7q/image/upload/v1734232602/swc-storage/rv8pwokvob8tzyvipmge.jpg', 'https://res.cloudinary.com/dqsiqqz7q/image/upload/v1734232583/swc-storage/amcr9asggo92a0l2yda1.jpg,https://res.cloudinary.com/dqsiqqz7q/image/upload/v1734232584/swc-storage/gtejurlj0jqj6wtn1x6s.jpg,https://res.cloudinary.com/dqsiqqz7q/image/upload/v1734232586/swc-storage/qpxkwevhsc86aynygoss.jpg,https://res.cloudinary.com/dqsiqqz7q/image/upload/v1734232587/swc-storage/furrd8kccnaxly5tmade.jpg,https://res.cloudinary.com/dqsiqqz7q/image/upload/v1734232597/swc-storage/vj67uiguozannjdtttfb.jpg,https://res.cloudinary.com/dqsiqqz7q/image/upload/v1734232598/swc-storage/yeczyhyok0m4izbv4xld.jpg,https://res.cloudinary.com/dqsiqqz7q/image/upload/v1734232599/swc-storage/c2fnu5agpyru1va6hmts.jpg,https://res.cloudinary.com/dqsiqqz7q/image/upload/v1734232601/swc-storage/rcbgquni9vo1pjkkf0vl.jpg', '{"ram": "16GB", "ssd": "128GB", "desc": "", "connection": ""}');
INSERT INTO public.inventories (id, product_id, price, status, currency_code, available, color, color_img, image, specs) VALUES (26, 8, 39999000.0000, 'active', 'VND', 15, 'Black Space', 'https://res.cloudinary.com/dqsiqqz7q/image/upload/v1734233052/swc-storage/jl7lou3bvcwwf3oitj4h.png', 'https://res.cloudinary.com/dqsiqqz7q/image/upload/v1734233048/swc-storage/htxsed1elstq0bonhyv9.webp,https://res.cloudinary.com/dqsiqqz7q/image/upload/v1734233049/swc-storage/v28xsvhbmrzjitj3isso.webp,https://res.cloudinary.com/dqsiqqz7q/image/upload/v1734233051/swc-storage/p7a64oy7xmkx4k1pqztj.webp', '{"ram": "16GB", "ssd": "256GB", "desc": "", "connection": ""}');
INSERT INTO public.inventories (id, product_id, price, status, currency_code, available, color, color_img, image, specs) VALUES (11, 2, 39999000.0000, 'active', 'VND', 15, 'Natural Titanium', 'https://res.cloudinary.com/dqsiqqz7q/image/upload/v1734232282/swc-storage/zihxabw5y5z60k3zuwpg.jpg', 'https://res.cloudinary.com/dqsiqqz7q/image/upload/v1734232190/swc-storage/jovesqhmgcq0rs1zstbi.jpg,https://res.cloudinary.com/dqsiqqz7q/image/upload/v1734232191/swc-storage/vkjkbgbkmrkitdmhmjka.jpg,https://res.cloudinary.com/dqsiqqz7q/image/upload/v1734232192/swc-storage/gfthyaf1tklvqnobp01v.jpg,https://res.cloudinary.com/dqsiqqz7q/image/upload/v1734232193/swc-storage/phtpp9130sk1ro1eo14a.jpg,https://res.cloudinary.com/dqsiqqz7q/image/upload/v1734232205/swc-storage/qlfgmysvxr7momqtkhgh.jpg,https://res.cloudinary.com/dqsiqqz7q/image/upload/v1734232206/swc-storage/waxelkavyobq798qt1jk.jpg,https://res.cloudinary.com/dqsiqqz7q/image/upload/v1734232207/swc-storage/b3cw40b0svivm8rns18m.jpg,https://res.cloudinary.com/dqsiqqz7q/image/upload/v1734232209/swc-storage/ojcwk9nppj86bbekrvww.jpg,https://res.cloudinary.com/dqsiqqz7q/image/upload/v1734232218/swc-storage/l4nqpwllufwpzyrkkhem.jpg,https://res.cloudinary.com/dqsiqqz7q/image/upload/v1734232220/swc-storage/avpbewj3luj6dahcvnmz.jpg,https://res.cloudinary.com/dqsiqqz7q/image/upload/v1734232221/swc-storage/up0reiezjrirauserk1u.jpg,https://res.cloudinary.com/dqsiqqz7q/image/upload/v1734232223/swc-storage/t7phyf9u2rbpipelk4nz.jpg,https://res.cloudinary.com/dqsiqqz7q/image/upload/v1734232248/swc-storage/zlpt8b78uhjq7uencg7s.jpg,https://res.cloudinary.com/dqsiqqz7q/image/upload/v1734232249/swc-storage/dx6khvv6jifxfccmbeq0.jpg,https://res.cloudinary.com/dqsiqqz7q/image/upload/v1734232250/swc-storage/zegvv9u0dmlfajknuign.jpg,https://res.cloudinary.com/dqsiqqz7q/image/upload/v1734232251/swc-storage/cmkfl7jot20eiraj5gd6.jpg,https://res.cloudinary.com/dqsiqqz7q/image/upload/v1734232261/swc-storage/susjequ2c1curd5prxve.jpg,https://res.cloudinary.com/dqsiqqz7q/image/upload/v1734232262/swc-storage/sh09xls27rrzymhypyke.jpg,https://res.cloudinary.com/dqsiqqz7q/image/upload/v1734232263/swc-storage/plaxwmkkahygwapdurgk.jpg,https://res.cloudinary.com/dqsiqqz7q/image/upload/v1734232265/swc-storage/byeujxfxd8sljqzqhzqr.jpg,https://res.cloudinary.com/dqsiqqz7q/image/upload/v1734232274/swc-storage/wwpurocpshostntiktwc.jpg,https://res.cloudinary.com/dqsiqqz7q/image/upload/v1734232276/swc-storage/uzuahicbqen88ylcymex.jpg,https://res.cloudinary.com/dqsiqqz7q/image/upload/v1734232278/swc-storage/p5y1r67dw5qlipohs36u.jpg,https://res.cloudinary.com/dqsiqqz7q/image/upload/v1734232281/swc-storage/vufmsfgjmvvf5yblrerj.jpg', '{"ram": "8GB", "ssd": "256GB", "desc": "", "connection": ""}');
INSERT INTO public.inventories (id, product_id, price, status, currency_code, available, color, color_img, image, specs) VALUES (24, 2, 39999000.0000, 'active', 'VND', 15, 'Black Titanium', 'https://res.cloudinary.com/dqsiqqz7q/image/upload/v1734233096/swc-storage/g3zjnrbajuvqmjhonq9q.jpg', 'https://res.cloudinary.com/dqsiqqz7q/image/upload/v1734232656/swc-storage/yngapcxucdk25vzegr2p.jpg,https://res.cloudinary.com/dqsiqqz7q/image/upload/v1734232658/swc-storage/xnngqjfjmnhv1qrhfdy6.jpg,https://res.cloudinary.com/dqsiqqz7q/image/upload/v1734232659/swc-storage/ct1hzkruzpmcvln5tvns.jpg,https://res.cloudinary.com/dqsiqqz7q/image/upload/v1734232660/swc-storage/gzqpu2tdxpqcu4qxxfpd.jpg,https://res.cloudinary.com/dqsiqqz7q/image/upload/v1734232670/swc-storage/dpifzoxr1f9aeapekijf.jpg,https://res.cloudinary.com/dqsiqqz7q/image/upload/v1734232672/swc-storage/kgvtgaa0gr4q8jb0edou.jpg,https://res.cloudinary.com/dqsiqqz7q/image/upload/v1734232673/swc-storage/nlu3rglgs14odgoxfivq.jpg,https://res.cloudinary.com/dqsiqqz7q/image/upload/v1734232675/swc-storage/hwj4qpewvyzkauisexgf.jpg,https://res.cloudinary.com/dqsiqqz7q/image/upload/v1734233078/swc-storage/zgt1rilf8bbrm8ezhksx.jpg,https://res.cloudinary.com/dqsiqqz7q/image/upload/v1734233080/swc-storage/a2pvrce2f3kkv8ozhkws.jpg,https://res.cloudinary.com/dqsiqqz7q/image/upload/v1734233081/swc-storage/n6vmw6wmmhkukmbzp7jd.jpg,https://res.cloudinary.com/dqsiqqz7q/image/upload/v1734233083/swc-storage/hnd7o5ctoyo67xwvgniy.jpg,https://res.cloudinary.com/dqsiqqz7q/image/upload/v1734233089/swc-storage/pzzaya891u67bo3afgid.jpg,https://res.cloudinary.com/dqsiqqz7q/image/upload/v1734233091/swc-storage/om2pzxxpshrw4g4fmcuk.jpg,https://res.cloudinary.com/dqsiqqz7q/image/upload/v1734233093/swc-storage/jgcpfayr40wd4aosujlz.jpg,https://res.cloudinary.com/dqsiqqz7q/image/upload/v1734233095/swc-storage/hlo2szk8ghyycir2uzji.jpg', '{"ram": "8GB", "ssd": "128GB", "desc": "", "connection": ""}');
INSERT INTO public.inventories (id, product_id, price, status, currency_code, available, color, color_img, image, specs) VALUES (10, 2, 39999000.0000, 'active', 'VND', 15, 'Natural Titanium', 'https://res.cloudinary.com/dqsiqqz7q/image/upload/v1734232282/swc-storage/zihxabw5y5z60k3zuwpg.jpg', 'https://res.cloudinary.com/dqsiqqz7q/image/upload/v1734232190/swc-storage/jovesqhmgcq0rs1zstbi.jpg,https://res.cloudinary.com/dqsiqqz7q/image/upload/v1734232191/swc-storage/vkjkbgbkmrkitdmhmjka.jpg,https://res.cloudinary.com/dqsiqqz7q/image/upload/v1734232192/swc-storage/gfthyaf1tklvqnobp01v.jpg,https://res.cloudinary.com/dqsiqqz7q/image/upload/v1734232193/swc-storage/phtpp9130sk1ro1eo14a.jpg,https://res.cloudinary.com/dqsiqqz7q/image/upload/v1734232205/swc-storage/qlfgmysvxr7momqtkhgh.jpg,https://res.cloudinary.com/dqsiqqz7q/image/upload/v1734232206/swc-storage/waxelkavyobq798qt1jk.jpg,https://res.cloudinary.com/dqsiqqz7q/image/upload/v1734232207/swc-storage/b3cw40b0svivm8rns18m.jpg,https://res.cloudinary.com/dqsiqqz7q/image/upload/v1734232209/swc-storage/ojcwk9nppj86bbekrvww.jpg,https://res.cloudinary.com/dqsiqqz7q/image/upload/v1734232218/swc-storage/l4nqpwllufwpzyrkkhem.jpg,https://res.cloudinary.com/dqsiqqz7q/image/upload/v1734232220/swc-storage/avpbewj3luj6dahcvnmz.jpg,https://res.cloudinary.com/dqsiqqz7q/image/upload/v1734232221/swc-storage/up0reiezjrirauserk1u.jpg,https://res.cloudinary.com/dqsiqqz7q/image/upload/v1734232223/swc-storage/t7phyf9u2rbpipelk4nz.jpg,https://res.cloudinary.com/dqsiqqz7q/image/upload/v1734232248/swc-storage/zlpt8b78uhjq7uencg7s.jpg,https://res.cloudinary.com/dqsiqqz7q/image/upload/v1734232249/swc-storage/dx6khvv6jifxfccmbeq0.jpg,https://res.cloudinary.com/dqsiqqz7q/image/upload/v1734232250/swc-storage/zegvv9u0dmlfajknuign.jpg,https://res.cloudinary.com/dqsiqqz7q/image/upload/v1734232251/swc-storage/cmkfl7jot20eiraj5gd6.jpg,https://res.cloudinary.com/dqsiqqz7q/image/upload/v1734232261/swc-storage/susjequ2c1curd5prxve.jpg,https://res.cloudinary.com/dqsiqqz7q/image/upload/v1734232262/swc-storage/sh09xls27rrzymhypyke.jpg,https://res.cloudinary.com/dqsiqqz7q/image/upload/v1734232263/swc-storage/plaxwmkkahygwapdurgk.jpg,https://res.cloudinary.com/dqsiqqz7q/image/upload/v1734232265/swc-storage/byeujxfxd8sljqzqhzqr.jpg,https://res.cloudinary.com/dqsiqqz7q/image/upload/v1734232274/swc-storage/wwpurocpshostntiktwc.jpg,https://res.cloudinary.com/dqsiqqz7q/image/upload/v1734232276/swc-storage/uzuahicbqen88ylcymex.jpg,https://res.cloudinary.com/dqsiqqz7q/image/upload/v1734232278/swc-storage/p5y1r67dw5qlipohs36u.jpg,https://res.cloudinary.com/dqsiqqz7q/image/upload/v1734232281/swc-storage/vufmsfgjmvvf5yblrerj.jpg', '{"ram": "8GB", "ssd": "128GB", "desc": "", "connection": ""}');
INSERT INTO public.inventories (id, product_id, price, status, currency_code, available, color, color_img, image, specs) VALUES (12, 2, 39999000.0000, 'active', 'VND', 15, 'Natural Titanium', 'https://res.cloudinary.com/dqsiqqz7q/image/upload/v1734232282/swc-storage/zihxabw5y5z60k3zuwpg.jpg', 'https://res.cloudinary.com/dqsiqqz7q/image/upload/v1734232190/swc-storage/jovesqhmgcq0rs1zstbi.jpg,https://res.cloudinary.com/dqsiqqz7q/image/upload/v1734232191/swc-storage/vkjkbgbkmrkitdmhmjka.jpg,https://res.cloudinary.com/dqsiqqz7q/image/upload/v1734232192/swc-storage/gfthyaf1tklvqnobp01v.jpg,https://res.cloudinary.com/dqsiqqz7q/image/upload/v1734232193/swc-storage/phtpp9130sk1ro1eo14a.jpg,https://res.cloudinary.com/dqsiqqz7q/image/upload/v1734232205/swc-storage/qlfgmysvxr7momqtkhgh.jpg,https://res.cloudinary.com/dqsiqqz7q/image/upload/v1734232206/swc-storage/waxelkavyobq798qt1jk.jpg,https://res.cloudinary.com/dqsiqqz7q/image/upload/v1734232207/swc-storage/b3cw40b0svivm8rns18m.jpg,https://res.cloudinary.com/dqsiqqz7q/image/upload/v1734232209/swc-storage/ojcwk9nppj86bbekrvww.jpg,https://res.cloudinary.com/dqsiqqz7q/image/upload/v1734232218/swc-storage/l4nqpwllufwpzyrkkhem.jpg,https://res.cloudinary.com/dqsiqqz7q/image/upload/v1734232220/swc-storage/avpbewj3luj6dahcvnmz.jpg,https://res.cloudinary.com/dqsiqqz7q/image/upload/v1734232221/swc-storage/up0reiezjrirauserk1u.jpg,https://res.cloudinary.com/dqsiqqz7q/image/upload/v1734232223/swc-storage/t7phyf9u2rbpipelk4nz.jpg,https://res.cloudinary.com/dqsiqqz7q/image/upload/v1734232248/swc-storage/zlpt8b78uhjq7uencg7s.jpg,https://res.cloudinary.com/dqsiqqz7q/image/upload/v1734232249/swc-storage/dx6khvv6jifxfccmbeq0.jpg,https://res.cloudinary.com/dqsiqqz7q/image/upload/v1734232250/swc-storage/zegvv9u0dmlfajknuign.jpg,https://res.cloudinary.com/dqsiqqz7q/image/upload/v1734232251/swc-storage/cmkfl7jot20eiraj5gd6.jpg,https://res.cloudinary.com/dqsiqqz7q/image/upload/v1734232261/swc-storage/susjequ2c1curd5prxve.jpg,https://res.cloudinary.com/dqsiqqz7q/image/upload/v1734232262/swc-storage/sh09xls27rrzymhypyke.jpg,https://res.cloudinary.com/dqsiqqz7q/image/upload/v1734232263/swc-storage/plaxwmkkahygwapdurgk.jpg,https://res.cloudinary.com/dqsiqqz7q/image/upload/v1734232265/swc-storage/byeujxfxd8sljqzqhzqr.jpg,https://res.cloudinary.com/dqsiqqz7q/image/upload/v1734232274/swc-storage/wwpurocpshostntiktwc.jpg,https://res.cloudinary.com/dqsiqqz7q/image/upload/v1734232276/swc-storage/uzuahicbqen88ylcymex.jpg,https://res.cloudinary.com/dqsiqqz7q/image/upload/v1734232278/swc-storage/p5y1r67dw5qlipohs36u.jpg,https://res.cloudinary.com/dqsiqqz7q/image/upload/v1734232281/swc-storage/vufmsfgjmvvf5yblrerj.jpg', '{"ram": "8GB", "ssd": "512GB", "desc": "", "connection": ""}');
INSERT INTO public.inventories (id, product_id, price, status, currency_code, available, color, color_img, image, specs) VALUES (25, 2, 49999000.0000, 'active', 'VND', 15, 'Black Titanium', 'https://res.cloudinary.com/dqsiqqz7q/image/upload/v1734233096/swc-storage/g3zjnrbajuvqmjhonq9q.jpg', 'https://res.cloudinary.com/dqsiqqz7q/image/upload/v1734232656/swc-storage/yngapcxucdk25vzegr2p.jpg,https://res.cloudinary.com/dqsiqqz7q/image/upload/v1734232658/swc-storage/xnngqjfjmnhv1qrhfdy6.jpg,https://res.cloudinary.com/dqsiqqz7q/image/upload/v1734232659/swc-storage/ct1hzkruzpmcvln5tvns.jpg,https://res.cloudinary.com/dqsiqqz7q/image/upload/v1734232660/swc-storage/gzqpu2tdxpqcu4qxxfpd.jpg,https://res.cloudinary.com/dqsiqqz7q/image/upload/v1734232670/swc-storage/dpifzoxr1f9aeapekijf.jpg,https://res.cloudinary.com/dqsiqqz7q/image/upload/v1734232672/swc-storage/kgvtgaa0gr4q8jb0edou.jpg,https://res.cloudinary.com/dqsiqqz7q/image/upload/v1734232673/swc-storage/nlu3rglgs14odgoxfivq.jpg,https://res.cloudinary.com/dqsiqqz7q/image/upload/v1734232675/swc-storage/hwj4qpewvyzkauisexgf.jpg,https://res.cloudinary.com/dqsiqqz7q/image/upload/v1734233078/swc-storage/zgt1rilf8bbrm8ezhksx.jpg,https://res.cloudinary.com/dqsiqqz7q/image/upload/v1734233080/swc-storage/a2pvrce2f3kkv8ozhkws.jpg,https://res.cloudinary.com/dqsiqqz7q/image/upload/v1734233081/swc-storage/n6vmw6wmmhkukmbzp7jd.jpg,https://res.cloudinary.com/dqsiqqz7q/image/upload/v1734233083/swc-storage/hnd7o5ctoyo67xwvgniy.jpg,https://res.cloudinary.com/dqsiqqz7q/image/upload/v1734233089/swc-storage/pzzaya891u67bo3afgid.jpg,https://res.cloudinary.com/dqsiqqz7q/image/upload/v1734233091/swc-storage/om2pzxxpshrw4g4fmcuk.jpg,https://res.cloudinary.com/dqsiqqz7q/image/upload/v1734233093/swc-storage/jgcpfayr40wd4aosujlz.jpg,https://res.cloudinary.com/dqsiqqz7q/image/upload/v1734233095/swc-storage/hlo2szk8ghyycir2uzji.jpg', '{"ram": "16GB", "ssd": "128GB", "desc": "", "connection": ""}');
INSERT INTO public.inventories (id, product_id, price, status, currency_code, available, color, color_img, image, specs) VALUES (13, 2, 49999000.0000, 'active', 'VND', 15, 'Natural Titanium', 'https://res.cloudinary.com/dqsiqqz7q/image/upload/v1734232282/swc-storage/zihxabw5y5z60k3zuwpg.jpg', 'https://res.cloudinary.com/dqsiqqz7q/image/upload/v1734232190/swc-storage/jovesqhmgcq0rs1zstbi.jpg,https://res.cloudinary.com/dqsiqqz7q/image/upload/v1734232191/swc-storage/vkjkbgbkmrkitdmhmjka.jpg,https://res.cloudinary.com/dqsiqqz7q/image/upload/v1734232192/swc-storage/gfthyaf1tklvqnobp01v.jpg,https://res.cloudinary.com/dqsiqqz7q/image/upload/v1734232193/swc-storage/phtpp9130sk1ro1eo14a.jpg,https://res.cloudinary.com/dqsiqqz7q/image/upload/v1734232205/swc-storage/qlfgmysvxr7momqtkhgh.jpg,https://res.cloudinary.com/dqsiqqz7q/image/upload/v1734232206/swc-storage/waxelkavyobq798qt1jk.jpg,https://res.cloudinary.com/dqsiqqz7q/image/upload/v1734232207/swc-storage/b3cw40b0svivm8rns18m.jpg,https://res.cloudinary.com/dqsiqqz7q/image/upload/v1734232209/swc-storage/ojcwk9nppj86bbekrvww.jpg,https://res.cloudinary.com/dqsiqqz7q/image/upload/v1734232218/swc-storage/l4nqpwllufwpzyrkkhem.jpg,https://res.cloudinary.com/dqsiqqz7q/image/upload/v1734232220/swc-storage/avpbewj3luj6dahcvnmz.jpg,https://res.cloudinary.com/dqsiqqz7q/image/upload/v1734232221/swc-storage/up0reiezjrirauserk1u.jpg,https://res.cloudinary.com/dqsiqqz7q/image/upload/v1734232223/swc-storage/t7phyf9u2rbpipelk4nz.jpg,https://res.cloudinary.com/dqsiqqz7q/image/upload/v1734232248/swc-storage/zlpt8b78uhjq7uencg7s.jpg,https://res.cloudinary.com/dqsiqqz7q/image/upload/v1734232249/swc-storage/dx6khvv6jifxfccmbeq0.jpg,https://res.cloudinary.com/dqsiqqz7q/image/upload/v1734232250/swc-storage/zegvv9u0dmlfajknuign.jpg,https://res.cloudinary.com/dqsiqqz7q/image/upload/v1734232251/swc-storage/cmkfl7jot20eiraj5gd6.jpg,https://res.cloudinary.com/dqsiqqz7q/image/upload/v1734232261/swc-storage/susjequ2c1curd5prxve.jpg,https://res.cloudinary.com/dqsiqqz7q/image/upload/v1734232262/swc-storage/sh09xls27rrzymhypyke.jpg,https://res.cloudinary.com/dqsiqqz7q/image/upload/v1734232263/swc-storage/plaxwmkkahygwapdurgk.jpg,https://res.cloudinary.com/dqsiqqz7q/image/upload/v1734232265/swc-storage/byeujxfxd8sljqzqhzqr.jpg,https://res.cloudinary.com/dqsiqqz7q/image/upload/v1734232274/swc-storage/wwpurocpshostntiktwc.jpg,https://res.cloudinary.com/dqsiqqz7q/image/upload/v1734232276/swc-storage/uzuahicbqen88ylcymex.jpg,https://res.cloudinary.com/dqsiqqz7q/image/upload/v1734232278/swc-storage/p5y1r67dw5qlipohs36u.jpg,https://res.cloudinary.com/dqsiqqz7q/image/upload/v1734232281/swc-storage/vufmsfgjmvvf5yblrerj.jpg', '{"ram": "16GB", "ssd": "256GB", "desc": "", "connection": ""}');
INSERT INTO public.inventories (id, product_id, price, status, currency_code, available, color, color_img, image, specs) VALUES (14, 2, 59999000.0000, 'active', 'VND', 15, 'Natural Titanium', 'https://res.cloudinary.com/dqsiqqz7q/image/upload/v1734232282/swc-storage/zihxabw5y5z60k3zuwpg.jpg', 'https://res.cloudinary.com/dqsiqqz7q/image/upload/v1734232190/swc-storage/jovesqhmgcq0rs1zstbi.jpg,https://res.cloudinary.com/dqsiqqz7q/image/upload/v1734232191/swc-storage/vkjkbgbkmrkitdmhmjka.jpg,https://res.cloudinary.com/dqsiqqz7q/image/upload/v1734232192/swc-storage/gfthyaf1tklvqnobp01v.jpg,https://res.cloudinary.com/dqsiqqz7q/image/upload/v1734232193/swc-storage/phtpp9130sk1ro1eo14a.jpg,https://res.cloudinary.com/dqsiqqz7q/image/upload/v1734232205/swc-storage/qlfgmysvxr7momqtkhgh.jpg,https://res.cloudinary.com/dqsiqqz7q/image/upload/v1734232206/swc-storage/waxelkavyobq798qt1jk.jpg,https://res.cloudinary.com/dqsiqqz7q/image/upload/v1734232207/swc-storage/b3cw40b0svivm8rns18m.jpg,https://res.cloudinary.com/dqsiqqz7q/image/upload/v1734232209/swc-storage/ojcwk9nppj86bbekrvww.jpg,https://res.cloudinary.com/dqsiqqz7q/image/upload/v1734232218/swc-storage/l4nqpwllufwpzyrkkhem.jpg,https://res.cloudinary.com/dqsiqqz7q/image/upload/v1734232220/swc-storage/avpbewj3luj6dahcvnmz.jpg,https://res.cloudinary.com/dqsiqqz7q/image/upload/v1734232221/swc-storage/up0reiezjrirauserk1u.jpg,https://res.cloudinary.com/dqsiqqz7q/image/upload/v1734232223/swc-storage/t7phyf9u2rbpipelk4nz.jpg,https://res.cloudinary.com/dqsiqqz7q/image/upload/v1734232248/swc-storage/zlpt8b78uhjq7uencg7s.jpg,https://res.cloudinary.com/dqsiqqz7q/image/upload/v1734232249/swc-storage/dx6khvv6jifxfccmbeq0.jpg,https://res.cloudinary.com/dqsiqqz7q/image/upload/v1734232250/swc-storage/zegvv9u0dmlfajknuign.jpg,https://res.cloudinary.com/dqsiqqz7q/image/upload/v1734232251/swc-storage/cmkfl7jot20eiraj5gd6.jpg,https://res.cloudinary.com/dqsiqqz7q/image/upload/v1734232261/swc-storage/susjequ2c1curd5prxve.jpg,https://res.cloudinary.com/dqsiqqz7q/image/upload/v1734232262/swc-storage/sh09xls27rrzymhypyke.jpg,https://res.cloudinary.com/dqsiqqz7q/image/upload/v1734232263/swc-storage/plaxwmkkahygwapdurgk.jpg,https://res.cloudinary.com/dqsiqqz7q/image/upload/v1734232265/swc-storage/byeujxfxd8sljqzqhzqr.jpg,https://res.cloudinary.com/dqsiqqz7q/image/upload/v1734232274/swc-storage/wwpurocpshostntiktwc.jpg,https://res.cloudinary.com/dqsiqqz7q/image/upload/v1734232276/swc-storage/uzuahicbqen88ylcymex.jpg,https://res.cloudinary.com/dqsiqqz7q/image/upload/v1734232278/swc-storage/p5y1r67dw5qlipohs36u.jpg,https://res.cloudinary.com/dqsiqqz7q/image/upload/v1734232281/swc-storage/vufmsfgjmvvf5yblrerj.jpg', '{"ram": "16GB", "ssd": "512GB", "desc": "", "connection": ""}');


--
-- Name: inventories_id_seq; Type: SEQUENCE SET; Schema: public; Owner: admin
--

SELECT pg_catalog.setval('public.inventories_id_seq', 46, true);


--
-- PostgreSQL database dump complete
--

